【方案三：双螺旋型 — Double Helix】,,,,,,,,
设计理念：战斗线(红)和叙事线(蓝)像DNA双螺旋一样交替主导，每次交汇点都产生顿悟时刻。战斗段揭示机制，叙事段重新定义机制的意义。,,,,,,,,
参考游戏：《最后生还者》战斗/探索交替 + 《控制》战斗中发现Lore + 《Hades》死亡推进叙事,,,,,,,,
核心节奏公式：[战斗] → [叙事重定义] → [用新理解再战斗] → 循环升级,,,,,,,,
,,,,,,,,
时段 (Time),区域 (Zone)(Asset),乐章 (Beat)(Narrative),张力(1-10),核心目标 (Objective)(UI Guide),核心障碍 (Obstacle)(The Problem),关键获取 (Acquisition)(The Solution),能力验证 (Verification)(The Test),地图关键点 (POIs)(System/Secret)
0:00-5:00,Z1a. 坠机冰原,螺旋起点,4,逃离坠机现场,[混合开场] 过场CG(10s)展示坠机 → 立即接入可控逃跑段。,[基础移动],【验证：叙事中的动作教学】,[锚点A] 坠机点(不可返回)。
(300s),(Cinematic Linear),(Origin Point),,(叙事+动作混合),"[环境] 飞船残骸在身后爆炸(视觉+音效冲击),碎片飞溅。",(冲刺/跳跃/二段跳),1. CG无缝过渡到gameplay,[叙事] N-01触发：伊恩+守夜人紧急对话。
,,,,,"[敌人] 爆炸惊醒了3只碎晶爬行者,它们从冰面下钻出挡路。",开局自带,2. 爆炸碎片需要冲刺躲避 → 教学冲刺,[设计意图] CG到gameplay无缝衔接。
,,,,,"[叙事] 逃跑过程中,伊恩的通讯持续进行(背景对话)。",,3. 冰裂缝需要跳跃越过 → 教学跳跃,[音效] 爆炸→寂静→风声(3层音效过渡)。
,,,,,,,4. 3只爬行者挡路但此时无武器 → 用二段跳越过,
,,,,,,,5. 伊恩的背景对话同时介绍星球基本情报,
5:00-12:00,Z1b. 冰原·声的遗迹,蓝螺旋1：认知,2,探索冰原,[纯探索] 逃跑结束后到达一片开阔冰原。远处有一组奇异的冰雕群。,[星核：实弹],【验证：武器作为探索工具】,[武器获取] 星图补给仓(安全获取)。
(420s),(Open Exploration),(Blue Helix 1),,理解世界的声音,[环境] 冰雕是冻结的鸣钟者——它们的姿态像在演奏不同乐器。,(机枪),1. 星图UI弹出 → 装备教学,[Lore] 冰雕x7(旋律碎片=鸣钟者历史)。
,,,,,[互动] 靠近冰雕会听到微弱的残留旋律(每个不同)。,冰原中央,2. 射击冰雕 → 释放旋律(射击=解锁信息),[秘密] 全部7座解锁=隐藏成就+旋律完整播放。
,,,,,[引导] 冰原中央有一个发光的星图补给仓(主目标)。,星图补给仓,3. 7座冰雕=7段旋律 → 拼凑成完整曲目(可选收集),[叙事] 守夜人解释鸣钟者与声音的关系。
,,,,,"[教学] 拾取实弹后,用子弹射击冰雕 → 冰雕碎裂释放旋律片段。",,4. 射击环境冰柱 → 环境可破坏(建立认知),[设计意图] 重新定义射击=对话/探索。
,,,,,,,"5. 这个阶段的射击不是为了杀戮,是为了听",
12:00-20:00,Z1c. 冰原·觉醒战场,红螺旋1：暴力,7,消灭入侵的爬行者,"[触发] 玩家射击冰雕后,远山变红(N-02) → 大量爬行者被声音吸引而来。",[无新获取],【验证：战斗+保护目标】,[战斗] 保护目标式三波战斗(新机制)。
(480s),(Arena Sequence),(Red Helix 1),,保护冰雕群,[敌人] 三波战斗：Wave1(5只)→ Wave2(8只+浮雷x2)→ Wave3(10只+金色精英)。,(实弹实战,"1. Wave1 → 基础战斗,爬行者分散攻击冰雕",[叙事] N-02触发：远山变红。
,,,,,"[机制] 爬行者会优先攻击冰雕——如果冰雕被全部摧毁,旋律永远丢失(后果)。",三波递增),"2. Wave2 → 浮雷威胁+爬行者混编,需要优先级判断",[后果] 存活冰雕数影响后续叙事。
,,,,,[环境] 玩家可以选择保护冰雕(高难)或放弃冰雕(低难但失去Lore)。,,"3. Wave3 → 精英爬行者直奔最大冰雕,必须拦截",[精英] 金色爬行者(血厚+AI锁定冰雕)。
,,,,,,,4. 保护冰雕=高难度(分散注意力)但保留Lore,[设计意图] 战斗有了意义——不再是单纯杀怪。
,,,,,,,5. 全灭后清点存活冰雕数量(影响后续叙事细节),
20:00-28:00,Z1d. 冰原·战后余波,蓝螺旋2：反思,3,清点战果,[战后] 战场上散落着爬行者的碎片。靠近碎片会发现——它们也在发出微弱的旋律。,[无新获取],【验证：认知刷新】,[叙事] 关键认知转折：敌人=走调的鸣钟者碎片。
(480s),(Narrative Aftermath),(Blue Helix 2),,重新理解敌人,[叙事转折] 守夜人分析：爬行者不是入侵者——它们是被声音吸引的鸣钟者碎片。,(反思+重定义段),1. 检查战场 → 发现爬行者碎片的旋律性质,[互动] 爬行者碎片(旋律残留)。
,,,,,[互动] 用实弹射击爬行者碎片 → 碎片爆裂。,,2. 守夜人的分析 → 它们只是走调的音符,"[NPC] 休眠爬行者(不攻击,可观察)。"
,,,,,[引导] 战场边缘有通往峡谷的下坡路。路上有2只休眠爬行者(不攻击)。,,3. 休眠爬行者 → 看到安静时的敌人是什么样子,[收集] 战场补给箱x3。
,,,,,,,4. 玩家开始质疑：之前的杀戮是否必要?,[设计意图] 用战后安静放大反思效果。
,,,,,,,5. 通向峡谷的路上有战后补给,
28:00-38:00,Z2a. 叹息峡谷,红螺旋2：觉悟战,8,带着新认知穿越峡谷,[战斗] 峡谷中的爬行者和浮雷。但这次玩家注意到——受伤的爬行者会发出哭泣般的音效。,[星核：涟漪],【验证：带着认知的战斗完全不同】,[战斗] 敌我辨别+精准打击。
(600s),(Combat Gauntlet),(Red Helix 2),,,"[敌人] 碎晶爬行者x12(分4组,每组3只)+静滞浮雷x6。密度比之前高。",(声波弹),"1. 歌唱型爬行者 → 杀不杀?(不杀=安全通过,杀=获得碎片)",[道德] 歌唱型爬行者(杀/放)。
,,,,,"[机制] 部分爬行者是歌唱型——它们不攻击,只站在原地发出旋律。杀它们=沉默一个声音。",击败金色精英,2. 攻击型爬行者 → 必须消灭(它们会攻击歌唱型同伴!),[武器获取] 涟漪(精英战奖励)。
,,,,,[精英] 峡谷尽头的金色爬行者(守门) → 击败掉落涟漪。,掉落,3. 识别敌我 → 比单纯DPS check更考验观察力,[硬锁] 叹息之墙(涟漪破解)。
,,,,,[硬锁] 叹息之墙。,,4. 精英战 → 金色爬行者用歌唱型做肉盾(道德困境),[叙事] N-03+N-04触发。
,,,,,,,5. 涟漪获取+叹息墙破解 → 双武器教学,"[设计意图] 同样的敌人,不同的感受。"
38:00-48:00,Z2b. 叹息墙后,蓝螺旋3：共鸣,4,用涟漪探索墙后世界,[环境] 叹息墙后是一条声的走廊——墙壁上有活着的共振水晶(脉动发光)。,[无新获取],【验证：涟漪的多重用途】,[教学] 涟漪四重用途(战斗/触发/考古/路径)。
(600s),(Narrative Discovery),(Blue Helix 3),,发现声波的真正用途,[互动] 用涟漪射击水晶 → 水晶回应不同音调 → 连锁激活相邻水晶(涟漪效应)。,(涟漪功能深化),1. 射击水晶 → 环境互动(涟漪=触发器),[Lore] 乐谱室(鸣钟者文明核心)。
,,,,,[叙事] 走廊深处有鸣钟者的乐谱室——破碎的乐谱散落一地。,,2. 射击乐谱 → Lore解锁(涟漪=考古工具),[秘密] 隐形回音路后的隐藏房间。
,,,,,[发现] 涟漪射击乐谱 → 乐谱演奏出古老的旋律 → 揭示示巴星的核心问题。,,3. 射击隐形回音路 → 平台显形(涟漪=路径创建器),[叙事] 示巴星核心问题揭示。
,,,,,[教学] 涟漪射击隐形回音路上方 → 平台显形3秒(软锁教学)。,,4. 射击鸣钟者壁画 → 壁画动态播放(涟漪=播放器),[设计意图] 让涟漪从武器变成语言。
,,,,,,,"5. 一把武器,四种用途——核心认知建立",
48:00-60:00,Z2c → Z3入口,交汇点：合奏,7,用双武器+双认知,[综合] 峡谷末段是一个大型开放战场——战斗和叙事同时发生。,[合唱共振],【验证：红蓝螺旋合一】,[战斗] 保护+攻击双目标(红蓝合一)。
(720s),(Synthesis Arena),(Convergence),,突破到Z3,[敌人] 攻击型爬行者x8 + 歌唱型爬行者x4 + 浮雷x4。,(叙事性奖励：,1. 用实弹清理攻击型爬行者(红线技能),[叙事] 合唱=Z3开门(叙事即机制)。
,,,,,"[机制] 歌唱型爬行者正在尝试合唱——如果它们全部存活并靠近彼此,会产生一个共振屏障(安全区)。",歌唱者的感谢),2. 用涟漪引导歌唱型爬行者移动(蓝线技能),[秘密] 如果全部歌唱者存活=额外奖励。
,,,,,"[玩家目标] 保护歌唱型爬行者,让它们汇合,同时击杀攻击型。",,3. 涟漪射击地面 → 吸引歌唱者靠近(新互动),[Hook] Z3回音枢纽远景(壮观)。
,,,,,[叙事] 合唱完成时 → 短暂的过场 → 共振开启Z3的大门。,,4. 浮雷可能误伤歌唱者 → 优先级判断,[设计意图] 战斗和叙事在这里完全融合。
,,,,,,,5. 合唱完成=胜利(非击杀BOSS式胜利),
,,,,,,,6. Z3大门由共振开启(叙事驱动的关卡解锁),
,,,,,,,,
方案三·心流曲线(60min)：,,,,,,,,
0:00  ████░░░░░░ 4/10  [起点] CG+逃跑-叙事动作混合,,,,,,,,
5:00  ██░░░░░░░░ 2/10  [蓝1] 冰雕探索-射击=聆听,,,,,,,,
12:00  ███████░░░ 7/10  [红1] 保护冰雕-有意义的战斗,,,,,,,,
20:00  ███░░░░░░░ 3/10  [蓝2] 战后反思-认知刷新,,,,,,,,
28:00  ████████░░ 8/10  [红2] 觉悟战-敌我辨别,,,,,,,,
38:00  ████░░░░░░ 4/10  [蓝3] 涟漪探索-四重用途,,,,,,,,
48:00  ███████░░░ 7/10  [交汇] 红蓝合一-保护合唱,,,,,,,,
方案三·特点：战斗(红)和叙事(蓝)交替主导，每次蓝段都会重新定义红段中的行为意义。,,,,,,,,
"优势：每次战斗都有新认知加持,不会审美疲劳;叙事和战斗相互增益;结尾的合奏段是独特体验。",,,,,,,,
"风险：叙事密度高,对不关心故事的玩家可能是负担;保护型战斗需要精细的AI调参;歌唱型爬行者的行为需要额外开发。",,,,,,,,